{
  "id": "e0e2082e-ca0f-4bfc-95f3-c0707aafd8d2",
  "revision": 0,
  "last_node_id": 27,
  "last_link_id": 24,
  "nodes": [
    {
      "id": 24,
      "type": "VHS_LoadAudio",
      "pos": [
        710.5268609141652,
        342.36790558341437
      ],
      "size": [
        489.43222315410276,
        180
      ],
      "flags": {},
      "order": 0,
      "mode": 0,
      "inputs": [],
      "outputs": [
        {
          "name": "audio",
          "type": "AUDIO",
          "links": [
            23
          ]
        },
        {
          "name": "duration",
          "type": "FLOAT",
          "links": null
        }
      ],
      "properties": {
        "cnr_id": "comfyui-videohelpersuite",
        "ver": "1.7.7",
        "Node name for S&R": "VHS_LoadAudio"
      },
      "widgets_values": {
        "audio_file": "",
        "seek_seconds": 0,
        "duration": 30,
        "audiopreview": {
          "params": {
            "start_time": 0,
            "duration": 30,
            "filename": "",
            "type": "path"
          }
        }
      }
    },
    {
      "id": 26,
      "type": "HeartMuLa_Transcribe",
      "pos": [
        1248.8671680433033,
        376.64002185830554
      ],
      "size": [
        295.968359375,
        106
      ],
      "flags": {},
      "order": 1,
      "mode": 0,
      "inputs": [
        {
          "name": "audio_input",
          "type": "AUDIO",
          "link": 23
        }
      ],
      "outputs": [
        {
          "name": "lyrics_text",
          "type": "STRING",
          "links": [
            24
          ]
        }
      ],
      "properties": {
        "Node name for S&R": "HeartMuLa_Transcribe"
      },
      "widgets_values": [
        "0.0,0.1,0.2,0.4",
        0.4,
        -1
      ]
    },
    {
      "id": 27,
      "type": "ShowText|pysssss",
      "pos": [
        1647.4697662745962,
        355.4705953264763
      ],
      "size": [
        430.08267489346554,
        328.4793035333805
      ],
      "flags": {},
      "order": 2,
      "mode": 0,
      "inputs": [
        {
          "name": "text",
          "type": "STRING",
          "link": 24
        }
      ],
      "outputs": [
        {
          "name": "STRING",
          "shape": 6,
          "type": "STRING",
          "links": null
        }
      ],
      "properties": {
        "cnr_id": "comfyui-custom-scripts",
        "ver": "1.2.5",
        "Node name for S&R": "ShowText|pysssss"
      },
      "widgets_values": [
        "Every night, I try to load you 70 billion, but my card says no Crash and crash, I speed away You slip right through my vroom Near low, wherever you hide My model crashes, out of memory again Once more, you eat the door"
      ]
    }
  ],
  "links": [
    [
      23,
      24,
      0,
      26,
      0,
      "AUDIO"
    ],
    [
      24,
      26,
      0,
      27,
      0,
      "STRING"
    ]
  ],
  "groups": [],
  "config": {},
  "extra": {
    "ds": {
      "scale": 0.8264462809917354,
      "offset": [
        -86.5130535526402,
        -37.21419239261144
      ]
    },
    "workflowRendererVersion": "LG",
    "frontendVersion": "1.36.14",
    "VHS_latentpreview": false,
    "VHS_latentpreviewrate": 0,
    "VHS_MetadataImage": true,
    "VHS_KeepIntermediate": true
  },
  "version": 0.4
}